{
  "version": 2,
  "builds": [
    {
      "src": "package.json",
      "use": "@vercel/next"
    }
  ],
  "routes": [
    {
      "src": "/(.*)",
      "dest": "/$1"
    }
  ],
  "env": {
    "NEXT_PUBLIC_API_URL": "@next_public_api_url",
    "NEXT_PUBLIC_FIREBASE_API_KEY": "@next_public_firebase_api_key",
    "NEXT_PUBLIC_FIREBASE_AUTH_DOMAIN": "@next_public_firebase_auth_domain",
    "NEXT_PUBLIC_FIREBASE_PROJECT_ID": "@next_public_firebase_project_id",
    "NEXT_PUBLIC_FIREBASE_STORAGE_BUCKET": "@next_public_firebase_storage_bucket",
    "NEXT_PUBLIC_FIREBASE_MESSAGING_SENDER_ID": "@next_public_firebase_messaging_sender_id",
    "NEXT_PUBLIC_FIREBASE_APP_ID": "@next_public_firebase_app_id",
    "NEXT_PUBLIC_STRIPE_PUBLISHABLE_KEY": "@next_public_stripe_publishable_key"
  }
}
